NO.,Academy_name,class_name,class_ID,subject,level,class_hour_day,class_hour_time,like,student_list_ID,syllabus_ID,class_size,tuition,careerOfTeacher,ageDistribution
1,hok,hok_a,1001,math,1,"1,0,1,0,1,0,0","6, 7",0,"0000013715, 0000021069, 0000014255, 0000007310",1001010100,4,490000,2,4
2,hok,hok_b,1002,math,1,"0,1,0,1,0,1,0","7, 8",0,"0000011674, 0000001529, 0000024151, 0000025784, 0000018260, 0000004534",1001010101,6,290000,4,4
3,hok,hok_c,1003,math,2,"1,0,1,0,1,0,0","7, 8",0,"0000005032, 0000019315, 0000024781, 0000030526, 0000019042, 0000032704, 0000015540, 0000029280, 0000016563, 0000010471, 0000021302, 0000022072, 0000001875, 0000017869, 0000021619, 0000019443, 0000013836, 0000005411, 0000012840, 0000013547, 0000017694, 0000006460, 0000025648, 0000027934, 0000005603, 0000003611, 0000022091",1001010202,27,320000,1,5
4,hok,hok_d,1004,math,2,"0,1,0,1,0,1,0","7, 8",0,"0000028335, 0000001489, 0000025375, 0000008394, 0000028154, 0000007942, 0000000124, 0000000764, 0000014529, 0000002517, 0000000228, 0000022660, 0000026665, 0000020189",1001010203,14,580000,1,4
5,hok,hok_e,1005,math,3,"1,0,1,0,1,0,0","8, 9",0,"0000006165, 0000031334, 0000003220, 0000016923, 0000022271, 0000019163, 0000007903, 0000032379, 0000019805, 0000021890, 0000025824, 0000027857, 0000027280, 0000018831, 0000006415, 0000017797, 0000003564, 0000012112, 0000028557, 0000017673, 0000014256, 0000009560, 0000028341, 0000029206, 0000017980, 0000030940, 0000013811, 0000006456, 0000004990",1001010304,29,390000,3,4
6,hok,hok_f,1006,math,4,"1,0,1,0,1,0,0","6, 7",0,"0000009945, 0000008588, 0000001710, 0000018311, 0000009327, 0000007880, 0000028219, 0000012122, 0000023755, 0000017533, 0000013829, 0000015751, 0000020706, 0000007833, 0000019916, 0000010269, 0000003742",1001010405,17,490000,1,2
7,Yak,Yak_a,2001,math,1,"1,0,1,0,0,0,0","8, 9",0,"0000021480, 0000016996, 0000020785, 0000029052, 0000022587, 0000001033, 0000031656, 0000004642, 0000019301, 0000002940, 0000008643, 0000019638, 0000028214, 0000008087, 0000004868, 0000001666, 0000021865, 0000029824, 0000007174, 0000024195, 0000021903, 0000014288, 0000029200, 0000015029",1002010100,24,520000,1,4
8,Yak,Yak_b,2002,math,1,"0,1,0,0,0,1,0","8, 9",0,"0000010229, 0000031978, 0000014993, 0000029626, 0000015061, 0000029423, 0000013011, 0000018748, 0000006067, 0000031588, 0000005760, 0000006226, 0000026711, 0000019208, 0000028968",1002010101,15,520000,2,5
9,Yak,Yak_c,2003,math,1,"1,0,0,0,1,0,0","9, 10",0,"0000017769, 0000028396, 0000022120, 0000022421, 0000016927, 0000014725, 0000027316, 0000007087, 0000023320, 0000001536, 0000026963, 0000029923, 0000019591",1002010102,13,470000,1,3
10,Yak,Yak_d,2004,math,2,"0,1,0,1,0,0,0","6, 7",0,"0000019371, 0000019858, 0000005011, 0000003231, 0000030143, 0000023875, 0000007934, 0000003627, 0000003062, 0000014159, 0000029445, 0000017103, 0000022046, 0000012765, 0000017544, 0000009725, 0000021424, 0000014609, 0000020331, 0000017175, 0000025942, 0000025217, 0000027708, 0000001157, 0000012202, 0000021737, 0000010518",1002010203,27,270000,4,5
11,Yak,Yak_e,2005,math,2,"1,0,0,0,1,0,0","9, 10",0,"0000006977, 0000022559, 0000027077, 0000000835, 0000005608, 0000008521, 0000021290, 0000010154, 0000031021, 0000012109, 0000001505, 0000027769, 0000014882, 0000019337, 0000027682, 0000000025, 0000018013, 0000000709, 0000007909, 0000006574, 0000012867, 0000010853",1002010204,22,360000,1,3
12,Yak,Yak_f,2006,math,3,"1,0,1,0,0,0,0","7, 8",0,"0000018412, 0000007303, 0000017891, 0000006455, 0000008748, 0000027373, 0000024701, 0000024643, 0000004031, 0000017492, 0000012075, 0000008147, 0000006530, 0000027635, 0000003796, 0000003458, 0000031154, 0000025059, 0000012993, 0000013511, 0000024066, 0000027869",1002010305,22,570000,3,3
13,Yak,Yak_g,2007,math,3,"0,0,1,0,1,0,0","6, 7",0,"0000012136, 0000011480, 0000013982, 0000032761, 0000026898, 0000012984, 0000002466, 0000024893, 0000007571, 0000022156, 0000031586, 0000004240, 0000011559, 0000019825, 0000011026, 0000013473, 0000022217, 0000000325, 0000009898, 0000000222, 0000010312",1002010306,21,410000,2,4
14,Yak,Yak_h,2008,math,4,"0,1,0,1,0,1,0","9, 10",0,"0000004075, 0000028998, 0000003312, 0000004534, 0000030532, 0000014696, 0000028482, 0000006861, 0000011026, 0000004867, 0000023716, 0000022616, 0000001185, 0000026116, 0000000469, 0000022119, 0000026836, 0000010388, 0000019951, 0000004857",1002010407,20,490000,4,5
15,Yak,Yak_i,2009,math,5,"0,0,0,0,0,1,1","8, 9",0,"0000021588, 0000008861, 0000015715, 0000012896, 0000016615, 0000021640, 0000001270, 0000030446, 0000001970, 0000004114, 0000015068, 0000021229, 0000021727, 0000030279, 0000019267, 0000021478, 0000018856, 0000001552, 0000020926",1002010508,19,230000,2,3
16,Gang,Gang_a,3001,math,2,"0,1,0,1,0,1,0","8, 9",0,"0000021458, 0000009642, 0000019687, 0000025101, 0000007799, 0000024663, 0000013642, 0000009964, 0000000009, 0000011348, 0000031614, 0000024849, 0000002452, 0000019722, 0000012693, 0000001372, 0000006979, 0000009608, 0000025527, 0000003940",1003010200,20,590000,3,5
17,Gang,Gang_b,3002,math,5,"1,0,1,0,1,0,0","8, 9",0,"0000003889, 0000025609, 0000011718, 0000025394, 0000002226, 0000003539, 0000002237, 0000030602, 0000020792, 0000017379, 0000022259, 0000024061",1003010501,12,510000,1,5
18,Gang,Gang_c,3003,math,4,"1,0,1,0,1,0,0","9, 10",0,"0000011820, 0000013463, 0000017871, 0000001901, 0000031411",1003010402,5,210000,2,4
19,Gang,Gang_d,3004,math,3,"1,0,1,0,0,0,0","7, 8",0,"0000030396, 0000026176, 0000009644, 0000017585, 0000031290, 0000025221, 0000003295, 0000010829, 0000027135, 0000023211, 0000021073, 0000017292, 0000001987, 0000021015, 0000021025, 0000002335, 0000000583, 0000012826",1003010303,18,480000,3,2
20,Gang,Gang_e,3005,math,4,"0,1,0,0,0,1,0","7, 8",0,"0000013041, 0000002966, 0000005920, 0000015876, 0000003838, 0000009354, 0000032298, 0000018287, 0000014952, 0000016787, 0000026238, 0000030827, 0000028871, 0000011444, 0000015260, 0000029129, 0000026049, 0000018638, 0000007029, 0000017931, 0000023772, 0000006689, 0000019672, 0000026126, 0000029583, 0000014352, 0000031277, 0000016620",1003010404,28,480000,5,2
21,Gang,Gang_f,3006,math,5,"1,0,0,0,1,0,0","8, 9",0,"0000003108, 0000001125, 0000006944, 0000013225, 0000000596, 0000000561, 0000024811, 0000001018, 0000003716, 0000016242, 0000030711, 0000030119, 0000011083, 0000020721, 0000021563",1003010505,15,380000,5,2
22,Gang,Gang_g,3007,math,5,"1,0,1,0,1,0,0","6, 7",0,"0000013817, 0000004177, 0000021534, 0000001899, 0000019417, 0000005186, 0000010207, 0000023728, 0000003251, 0000030967, 0000018484, 0000017301, 0000026261, 0000003289, 0000016433, 0000030703, 0000020179, 0000013693, 0000020076",1003010506,19,220000,5,1
23,Gang,Gang_h,3008,math,5,"1,0,1,0,0,0,0","9, 10",0,"0000017769, 0000028396, 0000022120, 0000022421, 0000016927, 0000014725, 0000027316, 0000007087, 0000023320, 0000001536, 0000026963, 0000029923, 0000019591",1003010507,13,580000,3,5
24,Gang,Gang_i,3009,math,5,"0,1,0,0,0,1,0","6, 7",0,"0000008543, 0000030608, 0000030448",1003010508,3,530000,1,1
25,Gang,Gang_j,3010,math,4,"1,0,0,0,1,0,0","9, 10",0,"0000013069, 0000011389, 0000020608",1003010409,3,270000,1,2
26,Gang,Gang_k,3011,math,3,"0,1,0,1,0,0,0","6, 7",0,"0000002025, 0000021137, 0000006804, 0000027718, 0000021747, 0000012501, 0000003554, 0000019795, 0000020772, 0000028018, 0000005820, 0000032751, 0000013836, 0000007109, 0000031451, 0000029572, 0000013242, 0000028854, 0000003164, 0000008008, 0000023516, 0000004422, 0000003592, 0000025967",1003010310,24,210000,3,5
27,Gang,Gang_l,3012,math,4,"1,0,0,0,1,0,0","8, 9",0,"0000012136, 0000011480, 0000013982, 0000032761, 0000026898, 0000012984, 0000002466, 0000024893, 0000007571, 0000022156, 0000031586, 0000004240, 0000011559, 0000019825, 0000011026, 0000013473, 0000022217, 0000000325, 0000009898, 0000000222, 0000010312",1003010411,21,310000,4,3
28,Gang,Gang_m,3013,math,1,"1,0,1,0,0,0,0","8, 9",0,"0000007359, 0000024571, 0000003354, 0000002228, 0000005812, 0000003392, 0000007974, 0000017218, 0000023095, 0000006503, 0000026072, 0000024564, 0000006918, 0000022159, 0000025318, 0000012670, 0000006545, 0000006580, 0000005226, 0000001629, 0000020467, 0000000978, 0000010621",1003010112,23,250000,2,3
29,Gang,Gang_n,3014,math,5,"0,1,0,1,0,0,0","9, 10",0,"0000013469, 0000031429, 0000016304, 0000027063, 0000001148, 0000008205, 0000009835, 0000029196, 0000029993, 0000029507, 0000030289, 0000031235, 0000031117, 0000001918, 0000029359, 0000000513, 0000029065, 0000023017, 0000003471, 0000014140, 0000002954, 0000032014, 0000030182, 0000006432, 0000025694",1003010513,25,580000,2,1
30,Gang,Gang_o,3015,math,2,"1,0,0,0,1,0,0","6, 7",0,"0000022031, 0000003570, 0000022854, 0000030407, 0000022136, 0000010931, 0000016460, 0000017432, 0000014492, 0000012871, 0000031446, 0000003813, 0000007729, 0000004054, 0000005756, 0000000314, 0000020642, 0000020595, 0000028695",1003010214,19,290000,3,4
31,Gang,Gang_p,3016,math,2,"1,0,1,0,0,0,0","7, 8",0,"0000007359, 0000024571, 0000003354, 0000002228, 0000005812, 0000003392, 0000007974, 0000017218, 0000023095, 0000006503, 0000026072, 0000024564, 0000006918, 0000022159, 0000025318, 0000012670, 0000006545, 0000006580, 0000005226, 0000001629, 0000020467, 0000000978, 0000010621",1003010215,23,280000,2,4
32,Gang,Gang_q,3017,math,1,"0,0,1,0,1,0,0","6, 7",0,"0000027431, 0000026189, 0000025864, 0000000452, 0000025721, 0000018064, 0000008919, 0000025293, 0000020282",1003010116,9,290000,4,3
33,Gang,Gang_r,3018,math,1,"0,1,0,1,0,1,0","7, 8",0,"0000013039, 0000015092, 0000011960, 0000027364, 0000032546, 0000031380, 0000026734, 0000009280, 0000012000, 0000010794, 0000009847, 0000026622",1003010117,12,440000,2,5
34,Gang,Gang_s,3019,math,5,"0,0,1,0,1,0,0","7, 8",0,"0000030741, 0000015945, 0000021527, 0000013727, 0000021402, 0000028575",1003010518,6,400000,1,3
35,Gang,Gang_t,3020,math,1,"0,1,0,1,0,1,0","8, 9",0,"0000002457, 0000014635, 0000004023, 0000003640, 0000013942, 0000005097, 0000029886, 0000013219, 0000011254, 0000022631, 0000013705, 0000020149, 0000010672, 0000015537, 0000004485",1003010119,15,580000,5,4
36,Gang,Gang_u,3021,math,1,"1,0,1,0,1,0,0","9, 10",0,"0000001702, 0000012685, 0000005361, 0000031857, 0000005918, 0000000256, 0000019786, 0000025480, 0000009389, 0000013844, 0000008711, 0000024998, 0000011413, 0000012761, 0000009607, 0000024316, 0000022609, 0000004522, 0000029256, 0000029793, 0000025709, 0000019121",1003010120,22,510000,5,5
37,Gang,Gang_v,3022,math,4,"1,0,1,0,1,0,0","8, 9",0,"0000000756, 0000027035, 0000007854, 0000024338, 0000028419, 0000015364, 0000019955, 0000007938, 0000000556, 0000021724, 0000010931, 0000014377, 0000014530",1003010421,13,580000,4,1
38,Gang,Gang_w,3023,math,5,"1,0,1,0,0,0,0","9, 10",0,"0000029053, 0000002151, 0000032371, 0000006437, 0000002820, 0000001589, 0000007719, 0000001521, 0000006945, 0000009107, 0000026922, 0000005837, 0000000283, 0000023873, 0000022926, 0000019606, 0000011557, 0000018994, 0000013259, 0000032239, 0000028456, 0000016190, 0000027561, 0000014483, 0000008899, 0000023319, 0000020576, 0000019690, 0000023697",1003010522,29,530000,5,3
39,Him,Him_a,4001,math,3,"1,0,1,0,0,0,0","8, 9",0,"0000017405, 0000014298, 0000031914, 0000029879, 0000000519, 0000024287, 0000019052, 0000004154, 0000014691, 0000021086, 0000032123, 0000016299, 0000032117, 0000002614, 0000022534, 0000032524, 0000021128, 0000020633, 0000013900, 0000018738",1004010300,20,330000,4,1
40,Him,Him_b,4002,math,4,"0,1,0,0,0,1,0","6, 7",0,"0000020250, 0000014175, 0000011637, 0000024173, 0000029190, 0000025384",1004010401,6,510000,2,5
41,Him,Him_c,4003,math,1,"1,0,0,0,1,0,0","9, 10",0,"0000020307, 0000005624, 0000029100, 0000014425, 0000023784, 0000013224, 0000006029, 0000021280, 0000019342, 0000032260, 0000031700, 0000018814, 0000014114, 0000009858, 0000015085, 0000029623, 0000020003, 0000015284, 0000006899, 0000027152, 0000018455, 0000022045, 0000021807, 0000014399, 0000006954, 0000001859",1004010102,26,520000,5,2
42,Him,Him_d,4004,math,3,"1,0,1,0,1,0,0","6, 7",0,"0000025888, 0000013593, 0000016133",1004010303,3,540000,5,1
43,Him,Him_e,4005,math,1,"1,0,1,0,0,0,0","6, 7",0,"0000008873, 0000015182, 0000006959, 0000018574, 0000014880, 0000005709, 0000021836, 0000011057, 0000002187, 0000019534, 0000017083",1004010104,11,210000,3,3
44,Him,Him_f,4006,math,4,"0,1,0,0,0,1,0","7, 8",0,"0000008041, 0000028459, 0000006917, 0000010626, 0000023967, 0000008573, 0000030830, 0000000619, 0000005301, 0000030466, 0000018122, 0000027860, 0000003650, 0000013379, 0000005266, 0000026914",1004010405,16,300000,3,3
45,Him,Him_g,4007,math,2,"1,0,0,0,1,0,0","8, 9",0,"0000012659, 0000031287, 0000002771, 0000027126, 0000025753",1004010206,5,390000,3,5
46,Him,Him_h,4008,math,3,"0,1,0,1,0,0,0","6, 7",0,"0000029630, 0000031805, 0000022258, 0000002157, 0000005275, 0000007649, 0000002448, 0000015661, 0000022213, 0000025443, 0000003400, 0000019600, 0000004927, 0000016203, 0000020939, 0000020877, 0000031477, 0000022883, 0000028691, 0000004169, 0000021573, 0000026148, 0000029697, 0000010544, 0000012734, 0000004718, 0000026948, 0000000581",1004010307,28,330000,1,4
47,Him,Him_i,4009,math,2,"1,0,0,0,1,0,0","6, 7",0,"0000022396, 0000012156, 0000023222, 0000014788, 0000019222, 0000022943, 0000015540, 0000009429, 0000016392, 0000007324, 0000016769, 0000004958, 0000019156, 0000004415, 0000023499, 0000013870",1004010208,16,370000,2,3
48,Him,Him_j,4010,math,2,"1,0,1,0,0,0,0","7, 8",0,"0000019797, 0000007224, 0000009498, 0000030338, 0000006160, 0000009282, 0000022154, 0000032459, 0000015789, 0000015173, 0000012343, 0000029409, 0000018003, 0000014806, 0000005426, 0000008993, 0000005183, 0000016215, 0000005417, 0000022293",1004010209,20,290000,4,3
49,Him,Him_k,4011,math,4,"0,1,0,1,0,0,0","8, 9",0,"0000008422, 0000016362, 0000012986, 0000026592, 0000026648, 0000028452, 0000020185, 0000027997, 0000017494, 0000009616, 0000005730, 0000029080, 0000021857, 0000003706, 0000010178, 0000030812",1004010410,16,330000,4,3
50,Him,Him_l,4012,math,5,"1,0,0,0,1,0,0","6, 7",0,"0000030570, 0000019639, 0000017221, 0000022890, 0000020989, 0000032239, 0000009481",1004010511,7,210000,2,2
51,Him,Him_m,4013,math,1,"1,0,1,0,0,0,0","7, 8",0,"0000029254, 0000028250, 0000011317, 0000010122, 0000030030, 0000029036, 0000007871, 0000031729, 0000005711, 0000019723, 0000001091, 0000017796",1004010112,12,260000,5,5
52,Him,Him_n,4014,math,5,"0,1,0,1,0,0,0","8, 9",0,"0000028994, 0000020206, 0000009938, 0000000991, 0000022585, 0000002970, 0000018263, 0000007408, 0000008805, 0000023866, 0000029006, 0000013508, 0000017148",1004010513,13,340000,1,3
53,Him,Him_o,4015,math,5,"1,0,0,0,1,0,0","6, 7",0,"0000016839, 0000015357, 0000020652, 0000003230, 0000007929, 0000014529, 0000020108, 0000008883, 0000026841, 0000001285, 0000000339, 0000000998, 0000006124, 0000016908, 0000009416, 0000024111, 0000015961, 0000009514, 0000005497, 0000026163, 0000008002, 0000000462, 0000017072",1004010514,23,550000,4,5
54,Him,Him_p,4016,math,3,"1,0,1,0,0,0,0","6, 7",0,"0000020564, 0000013504, 0000031907, 0000015227, 0000006557, 0000021670, 0000029419, 0000031471, 0000001950, 0000019405, 0000030519, 0000010502, 0000025506, 0000016166, 0000022594, 0000024804, 0000001614, 0000026255, 0000026882",1004010315,19,480000,1,2
55,Him,Him_q,4017,math,4,"0,0,1,0,1,0,0","6, 7",0,"0000014456, 0000014932, 0000002083, 0000016769, 0000005693, 0000006646, 0000015283, 0000030640, 0000010317, 0000020523, 0000013599, 0000005007, 0000010122, 0000006181, 0000020830, 0000004740, 0000007890, 0000002071, 0000026988, 0000022254, 0000024344, 0000001270",1004010416,22,290000,4,5
56,Him,Him_r,4018,math,3,"0,1,0,1,0,1,0","6, 7",0,"0000023049, 0000031162, 0000009085, 0000020836, 0000013586, 0000013582, 0000006771, 0000018147, 0000017835, 0000012094, 0000010800, 0000005636, 0000029056, 0000009047, 0000007518, 0000011096, 0000019755, 0000001180, 0000018173, 0000018285, 0000010837, 0000025632",1004010317,22,250000,2,5
57,Him,Him_s,4019,math,3,"0,0,1,0,1,0,0","9, 10",0,"0000012542, 0000020766, 0000021652, 0000029728, 0000022375, 0000026815, 0000016477, 0000007935, 0000031067, 0000021358, 0000026090, 0000030668, 0000009177, 0000000387, 0000028228",1004010318,15,490000,4,1
58,Him,Him_t,4020,math,2,"0,1,0,1,0,1,0","8, 9",0,"0000007516, 0000032728, 0000020966, 0000012455, 0000004435, 0000017781, 0000032720",1004010219,7,380000,3,2
59,Him,Him_q,4021,math,1,"1,0,1,0,1,0,0","8, 9",0,"0000004048, 0000001133, 0000031447, 0000012876",1004010120,4,280000,5,1
60, myeongout,myeongout_a,5001,math,3,"1,0,1,0,1,0,0","6, 7",0,"0000000515, 0000024895, 0000024532, 0000004075, 0000014865, 0000004747, 0000012744, 0000004548, 0000020907, 0000026516, 0000001392, 0000011204, 0000007423, 0000012505, 0000016925, 0000023947, 0000015487, 0000028438, 0000032618, 0000021207, 0000005443, 0000031256, 0000024770, 0000024824, 0000010408, 0000002511, 0000018978, 0000030852",1005010300,28,400000,2,2
61, myeongout,myeongout_b,5002,math,2,"1,0,1,0,0,0,0","6, 7",0,"0000021925, 0000021024, 0000024395, 0000006881, 0000015886, 0000005421",1005010201,6,510000,5,4
62, myeongout,myeongout_c,5003,math,1,"1,0,1,0,0,0,0","9, 10",0,"0000025637, 0000013408, 0000019991, 0000004459, 0000018168, 0000021734, 0000022482, 0000024476, 0000004738, 0000026415, 0000031863, 0000012385, 0000028752, 0000014508, 0000013709, 0000012731, 0000018098, 0000001403, 0000016776, 0000004059, 0000006753",1005010102,21,370000,2,5
63, myeongout,myeongout_d,5004,math,5,"0,1,0,0,0,1,0","6, 7",0,"0000012943, 0000022746, 0000013157, 0000025518, 0000023170, 0000018602, 0000002358, 0000023990, 0000014396, 0000004429, 0000014882, 0000006587, 0000018965, 0000029508, 0000004590, 0000019578, 0000027051, 0000014923, 0000025536",1005010503,19,470000,2,4
64, myeongout,myeongout_e,5005,math,2,"1,0,1,0,0,0,0","8, 9",0,"0000005347, 0000029251, 0000015165, 0000004143, 0000018474, 0000026736, 0000010478, 0000021943, 0000019969, 0000019684, 0000011752, 0000029441, 0000010168, 0000002107, 0000002732, 0000030619, 0000029561, 0000006537, 0000030028, 0000026462, 0000029577, 0000004241, 0000031439, 0000009795, 0000006859, 0000030776, 0000004055, 0000022137",1005010204,28,450000,1,4
65, myeongout,myeongout_f,5006,math,3,"0,1,0,0,0,1,0","9, 10",0,"0000017721, 0000005249, 0000023732, 0000028007",1005010305,4,310000,4,5
66, myeongout,myeongout_g,5007,math,4,"1,0,0,0,1,0,0","6, 7",0,"0000020365, 0000032455, 0000015306, 0000002398, 0000009407, 0000020597, 0000030005, 0000027388, 0000002692, 0000025220, 0000019237, 0000016912, 0000000729, 0000026644, 0000014606, 0000007632, 0000007017",1005010406,17,550000,5,1
67, myeongout,myeongout_h,5008,math,3,"0,1,0,1,0,0,0","8, 9",0,"0000009629, 0000018626, 0000014581, 0000016801, 0000010560",1005010307,5,290000,3,5
68, myeongout,myeongout_i,5009,math,5,"1,0,0,0,1,0,0","6, 7",0,"0000012793, 0000016138, 0000007656, 0000028110, 0000031885, 0000018737, 0000023566, 0000020171, 0000029577, 0000020891, 0000018676, 0000002797, 0000030444, 0000024413, 0000006701, 0000024841, 0000027519, 0000008238, 0000029279, 0000009663, 0000023989, 0000004032, 0000015176, 0000017767, 0000019414, 0000010577, 0000024831, 0000008777, 0000023388",1005010508,29,310000,3,4
69, myeongout,myeongout_j,5010,math,3,"1,0,1,0,0,0,0","7, 8",0,"0000021116, 0000008972, 0000032158, 0000005718, 0000027483, 0000001394, 0000018347, 0000031670, 0000010973, 0000018754, 0000000377, 0000006612, 0000023600, 0000018309, 0000012351",1005010309,15,260000,4,2
70, myeongout,myeongout_k,5011,math,4,"0,1,0,1,0,0,0","8, 9",0,"0000005104, 0000018932, 0000008223, 0000024102, 0000009965, 0000014002, 0000012552, 0000019784, 0000032303, 0000009271, 0000027355, 0000001003, 0000027703, 0000027020, 0000007372, 0000022397, 0000026504, 0000032446, 0000003084, 0000012420",1005010410,20,310000,4,1
71, myeongout,myeongout_l,5012,math,2,"1,0,0,0,1,0,0","8, 9",0,"0000016781, 0000030117, 0000005355, 0000006110, 0000029284, 0000026533, 0000011417, 0000005638, 0000032142, 0000013694, 0000029769, 0000011654, 0000025766, 0000002989, 0000004757, 0000009815, 0000023631, 0000026266, 0000000851, 0000031179, 0000029222, 0000028863, 0000003365, 0000016846, 0000020213, 0000003085, 0000013644, 0000011627",1005010211,28,280000,4,4
72, myeongout,myeongout_m,5013,math,3,"1,0,1,0,0,0,0","6, 7",0,"0000002699, 0000009661, 0000007826, 0000015239, 0000023105, 0000014711, 0000021784, 0000021530, 0000010324, 0000008979, 0000019199, 0000020336, 0000016242, 0000024989, 0000009720, 0000005126",1005010312,16,550000,2,3
73, myeongout,myeongout_n,5014,math,4,"0,0,1,0,1,0,0","8, 9",0,"0000030626, 0000025126, 0000025088, 0000015410, 0000006282, 0000006693, 0000002845, 0000027084, 0000016424, 0000004171, 0000026347, 0000003046, 0000026768, 0000023853, 0000022327, 0000014949, 0000021033, 0000026469, 0000028872, 0000007496",1005010413,20,290000,3,5
74, myeongout,myeongout_o,5015,math,3,"0,1,0,1,0,1,0","7, 8",0,"0000002195, 0000007245, 0000022991, 0000023146, 0000000930, 0000017299, 0000023267, 0000012731, 0000012365, 0000024315, 0000030898, 0000002934, 0000032737",1005010314,13,390000,5,3
75, myeongout,myeongout_p,5016,math,1,"0,0,1,0,1,0,0","7, 8",0,"0000017306, 0000030613, 0000016196, 0000028421, 0000030280, 0000023580, 0000014902, 0000010709, 0000021281, 0000027890, 0000009175, 0000025039, 0000028896, 0000021999",1005010115,14,250000,5,1
76, myeongout,myeongout_q,5017,math,4,"0,1,0,1,0,1,0","6, 7",0,"0000017080, 0000014977, 0000019254, 0000019544, 0000007395",1005010416,5,480000,1,4
77, myeongout,myeongout_r,5018,math,2,"1,0,1,0,1,0,0","6, 7",0,"0000029637, 0000031863, 0000017503, 0000026777, 0000025162, 0000029581, 0000028783, 0000009401, 0000004152, 0000022800, 0000012090, 0000025240, 0000003867, 0000015664, 0000016836, 0000019068, 0000025641, 0000022040, 0000029725, 0000027780, 0000016921, 0000008816, 0000017881, 0000005958, 0000005432",1005010217,25,370000,2,3
78, myeongout,myeongout_s,5019,math,4,"1,0,1,0,1,0,0","9, 10",0,"0000030399, 0000000438, 0000005561, 0000011886, 0000019398, 0000019530, 0000021580, 0000009735, 0000008253, 0000007515",1005010418,10,570000,4,2
79, myeongout,myeongout_t,5020,math,2,"1,0,1,0,1,0,0","8, 9",0,"0000002752, 0000005961, 0000023759, 0000003089, 0000031548, 0000000404, 0000021237, 0000020932, 0000023538, 0000019268, 0000011952, 0000008053, 0000011895, 0000001578, 0000014040, 0000027566, 0000028160",1005010219,17,290000,5,3
80, myeongout,myeongout_u,5021,math,3,"1,0,1,0,0,0,0","6, 7",0,"0000010973, 0000014379, 0000005411, 0000013894, 0000005805, 0000009779, 0000012509, 0000017116, 0000007640, 0000009513, 0000009433, 0000002451, 0000000498, 0000028510, 0000001263, 0000018033, 0000026682, 0000018729, 0000010220, 0000018849, 0000008824, 0000013882, 0000022417, 0000030571, 0000032556, 0000006443, 0000016862, 0000001124",1005010320,28,290000,2,4
81, myeongout,myeongout_v,5022,math,4,"0,1,0,0,0,1,0","6, 7",0,"0000029016, 0000003984, 0000016866, 0000015598, 0000010993, 0000017384, 0000003763, 0000028975, 0000013645, 0000018862, 0000016399, 0000000339, 0000021377, 0000020854",1005010421,14,360000,2,1
82, myeongout,myeongout_w,5023,math,3,"1,0,0,0,1,0,0","9, 10",0,"0000029479, 0000023346, 0000025890, 0000005326, 0000008770, 0000021927, 0000021672, 0000018121, 0000013035, 0000014114, 0000024597, 0000022051, 0000011319, 0000008305",1005010322,14,210000,4,5
83, myeongout,myeongout_x,5024,math,5,"0,1,0,1,0,0,0","8, 9",0,"0000030515, 0000032114, 0000024256, 0000001062, 0000001970, 0000029376, 0000007601, 0000012541, 0000029040, 0000023812, 0000032687, 0000025320, 0000009541, 0000028929, 0000004223, 0000014436, 0000016971, 0000008640, 0000017943, 0000008799, 0000015690, 0000031281, 0000000948, 0000011000, 0000007284, 0000014868, 0000021287, 0000006535",1005010523,28,490000,4,4
84, myeongout, myeongin_aa,5025,math,3,"1,0,0,0,1,0,0","6, 7",0,"0000014874, 0000018543, 0000006109, 0000019199, 0000023368",1005010324,5,590000,1,1
85, myeongout, myeongin_ab,5026,math,2,"1,0,1,0,0,0,0","7, 8",0,"0000015565, 0000000660, 0000001437, 0000001172, 0000008171, 0000013283, 0000031220",1005010225,7,330000,4,5
86, myeongout, myeongin_ac,5027,math,1,"0,1,0,1,0,0,0","6, 7",0,"0000023187, 0000030824, 0000031532, 0000020808, 0000006701, 0000027261, 0000004741, 0000016823, 0000010160, 0000007884",1005010126,10,350000,3,1
87, myeongout, myeongin_ad,5028,math,3,"1,0,0,0,1,0,0","6, 7",0,"0000026999, 0000002149, 0000021002, 0000016829, 0000003311, 0000007150, 0000007907, 0000016670, 0000026703, 0000023430, 0000020528",1005010327,11,430000,1,5
88,choiak,choiak_a,6001,eng,2,"1,0,1,0,0,0,0","9, 10",0,"0000013160, 0000007818, 0000009072, 0000017099, 0000006082, 0000002105, 0000003958, 0000015303, 0000019688, 0000000696, 0000025439, 0000016922, 0000020231, 0000027480, 0000020935, 0000007744, 0000025527, 0000021532, 0000015421, 0000009440, 0000024857, 0000032374, 0000021235, 0000010156, 0000027426, 0000029522, 0000023738",1201010200,27,310000,5,4
89,choiak,choiak_b,6002,eng,1,"0,1,0,1,0,0,0","9, 10",0,"0000006966, 0000023637, 0000015150, 0000030191, 0000017913, 0000000615, 0000032558, 0000002963, 0000021346, 0000005487, 0000008592, 0000027204, 0000023825, 0000008541, 0000013330, 0000031763",1201010101,16,460000,3,1
90,choiak,choiak_c,6003,eng,2,"1,0,0,0,1,0,0","7, 8",0,"0000021614, 0000007827, 0000029111, 0000017858, 0000031403, 0000015491, 0000014896, 0000002241, 0000021172, 0000028312, 0000007594, 0000030825, 0000008123, 0000029890, 0000032675, 0000016462, 0000007379, 0000009314, 0000003152, 0000005863, 0000013675, 0000020151, 0000021821, 0000030620",1201010202,24,420000,5,3
91,choiak,choiak_d,6004,eng,2,"1,0,1,0,0,0,0","8, 9",0,"0000027544, 0000008501, 0000017184, 0000028813, 0000023657, 0000029537, 0000014849, 0000012790, 0000023368, 0000003507, 0000001406, 0000025190, 0000027271, 0000029318, 0000017048, 0000032421, 0000022623, 0000010622, 0000017260, 0000005426, 0000010978, 0000019382, 0000031423, 0000021383, 0000002098",1201010203,25,570000,5,2
92,choiak,choiak_e,6005,eng,4,"0,0,1,0,1,0,0","9, 10",0,"0000017883, 0000030878, 0000028401, 0000010513, 0000002202, 0000020660, 0000021240, 0000020576, 0000020416, 0000007757, 0000029260, 0000001611, 0000028045, 0000005240, 0000030285, 0000018172, 0000017555, 0000018004, 0000013617, 0000008489, 0000013510, 0000012243, 0000010161, 0000009458, 0000024274, 0000015294",1201010404,26,320000,5,5
93,choiak,choiak_f,6006,eng,1,"0,1,0,1,0,1,0","8, 9",0,"0000014856, 0000012721, 0000027386, 0000018183, 0000008468, 0000030332, 0000000265, 0000024773, 0000009303, 0000020097",1201010105,10,400000,1,1
94,choiak,choiak_g,6007,eng,5,"0,0,1,0,1,0,0","7, 8",0,"0000008471, 0000015245, 0000022423, 0000019623, 0000012195, 0000010008, 0000027310, 0000016509, 0000016908, 0000018010, 0000010410, 0000021886, 0000012138, 0000011619, 0000018802",1201010506,15,480000,3,1
95,choiak,choiak_h,6008,eng,1,"0,1,0,1,0,1,0","6, 7",0,"0000022519, 0000015820, 0000024899, 0000028520, 0000013578, 0000018146, 0000004171, 0000000434, 0000009546, 0000028936, 0000020595, 0000030643, 0000018715, 0000030806, 0000021884, 0000015867, 0000000861, 0000031366, 0000013133, 0000004514, 0000029270, 0000023569",1201010107,22,450000,1,1
96,choiak,choiak_i,6009,eng,5,"1,0,1,0,1,0,0","7, 8",0,"0000011916, 0000029932, 0000002197, 0000023403, 0000013034, 0000004120, 0000004730, 0000011972, 0000023556, 0000018583, 0000030165, 0000025961, 0000000055, 0000017635, 0000000652, 0000001461, 0000027193, 0000019297, 0000012732, 0000032615, 0000031141, 0000028892, 0000027223, 0000028080, 0000011443",1201010508,25,310000,2,3